short-term,long-term,
0.858188,0.769879,
0.810469,0.733451,
0.753894,0.719755,
0.780523,0.596919,
0.85422,0.782344,
0.825936,0.618528,
0.846098,0.804072,
0.835313,0.751996,
0.720081,0.746567,
0.79979,0.578585,
0.867854,0.792452,
0.839643,0.759713,
0.865877,0.770374,
0.842123,0.806197,
0.852699,0.758652,
0.761789,0.668363,
0.852265,0.719623,
0.875391,0.798261,
0.873911,0.73823,
0.852537,0.761292,
0.74253,0.619224,
0.850223,0.736082,
0.854148,0.770327,
0.854682,0.7629,
0.869503,0.772703,
0.855603,0.78931,
0.819173,0.616463,
0.845367,0.819554,
0.85049,0.77707,
0.850559,0.761942,
0.85933,0.803123,
0.744335,0.74985,
0.811808,0.708529,
0.840691,0.768044,
0.849875,0.795655,
0.811582,0.821129,
0.818411,0.705743,
0.895262,0.853196,
0.751426,0.642928,
0.849094,0.622493,
0.855047,0.769875,
0.762677,0.682752,
0.873871,0.784723,
0.807063,0.767522,
0.841838,0.773631,
0.857531,0.79062,
0.850399,0.697864,
0.846913,0.73494,
0.88452,0.716943,
0.848592,0.737356,
0.870562,0.753149,
0.850987,0.77407,
0.834838,0.78101,
0.859953,0.765211,
0.867458,0.733796,
0.853236,0.778226,
0.826229,0.70296,
0.879201,0.839106,
0.813844,0.808509,
0.835529,0.768972,
0.852268,0.733068,
0.742752,0.724014,
0.799519,0.665005,
0.855061,0.765146,
0.844871,0.595967,
0.884071,0.773346,
0.867982,0.80629,
0.858712,0.754376,
0.815471,0.730688,
0.835683,0.716247,
0.827612,0.768859,
0.877696,0.816542,
0.834599,0.766323,
0.848289,0.761082,
0.825395,0.798755,
0.865805,0.794333,
0.791915,0.780224,
0.838987,0.799196,
0.882272,0.713084,
0.850559,0.761942,
0.834768,0.730926,
0.850691,0.79553,
0.891914,0.798851,
0.847577,0.800398,
0.82314,0.739111,
0.849294,0.710565,
0.872331,0.682592,
0.876954,0.762712,
0.860784,0.737675,
0.852518,0.784189,
0.881688,0.784807,
0.827434,0.653604,
0.838469,0.735439,
0.822411,0.688153,
0.797243,0.451833,
0.844975,0.600766,
0.844031,0.657834,
0.850592,0.775568,
0.831628,0.666826,
0.822917,0.627429,
0.868088,0.833033,
0.850413,0.765011,
0.81316,0.761208,
0.860918,0.758236,
0.844691,0.800733,
0.840464,0.769593,
0.859036,0.7413,
0.874095,0.770813,
0.882199,0.810667,
0.830378,0.782317,
0.892464,0.850754,
0.838011,0.731444,
0.874555,0.76095,
0.870017,0.807273,
0.851669,0.737255,
0.857578,0.750903,
0.83958,0.767443,
0.853468,0.730462,
0.863282,0.808365,
0.866111,0.759679,
0.87277,0.812186,
0.895262,0.853196,
0.866912,0.734697,
0.848085,0.758699,
0.853172,0.764108,
0.860813,0.77391,
0.892831,0.834274,
0.867816,0.792972,
0.856924,0.791108,
0.850198,0.874707,
0.850101,0.764626,
0.874062,0.80179,
0.890751,0.699546,
0.818495,0.665755,
0.830559,0.745903,
0.879749,0.877353,
0.76301,0.764988,
0.800968,0.709592,
0.836753,0.7242,
0.876151,0.800312,
0.85522,0.642663,
0.853839,0.711519,
0.832785,0.691054,
0.849992,0.761248,
0.847269,0.817024,
0.807172,0.562183,
0.865003,0.792146,
0.848942,0.759055,
0.734597,0.788281,
0.82498,0.726642,
0.773787,0.680833,
0.861583,0.77301,
0.800667,0.745403,
0.853008,0.86719,
0.849749,0.784835,
0.875789,0.810977,
0.857323,0.787256,
0.810333,0.689459,
0.776893,0.804649,
0.848866,0.729563,
0.818729,0.616395,
0.802087,0.763364,
0.854646,0.759866,
0.88212,0.726233,
0.81458,0.69522,
0.848749,0.787106,
0.866472,0.682818,
0.914566,0.880985,
0.774785,0.775381,
0.843062,0.776409,
0.855779,0.714831,
0.843492,0.737994,
0.864541,0.703106,
0.822264,0.760528,
0.843657,0.782525,
0.852387,0.755718,
0.862415,0.687613,
0.847705,0.780831,
0.791094,0.668191,
0.859766,0.667842,
0.850917,0.729437,
0.78274,0.769949,
0.858837,0.768998,
0.874348,0.755706,
0.848807,0.686441,
0.856563,0.773995,
0.836693,0.7598,
0.852433,0.794853,
0.866462,0.777991,
0.839228,0.703605,
0.821908,0.720651,
0.848636,0.724885,
0.760688,0.80767,
0.862154,0.743412,
0.76755,0.559236,
0.82517,0.729566,
0.842648,0.768793,
0.862105,0.77278,
0.833981,0.731334,
0.891699,0.787193,
0.867156,0.740015,
0.853537,0.77579,
0.806594,0.705115,
0.856801,0.733477,
0.837812,0.736648,
0.866971,0.768813,
0.844277,0.806672,
0.849026,0.786567,
0.861,0.759971,
0.853673,0.729825,
0.778441,0.546769,
0.880211,0.799683,
0.850285,0.738023,
0.841398,0.76974,
0.850373,0.672814,
0.843262,0.799393,
0.844421,0.731357,
0.839517,0.766887,
0.850419,0.768009,
0.859702,0.817654,
0.844008,0.710631,
0.842913,0.808607,
0.848639,0.771724,
0.847641,0.758331,
0.854954,0.752428,
0.85293,0.755308,
0.784502,0.834958,
0.851089,0.761126,
0.846723,0.762673,
0.851001,0.670598,
0.845789,0.778009,
0.825795,0.727499,
0.809521,0.681447,
0.864153,0.758732,
0.896015,0.772388,
0.856533,0.724573,
0.815987,0.735261,
0.805496,0.67884,
0.861451,0.7832,
0.838578,0.755658,
0.887216,0.857244,
0.864737,0.784081,
0.881666,0.811436,
0.853882,0.762856,
0.784751,0.695371,
0.827187,0.750865,
0.875975,0.725329,
0.877244,0.753783,
0.846157,0.782695,
0.866846,0.742722,
0.856861,0.609512,
0.867998,0.716152,
0.864113,0.806802,
0.801085,0.78223,
0.835247,0.739522,
0.77748,0.69986,
0.840638,0.842001,
0.868925,0.741147,
0.851036,0.745411,
0.854649,0.756169,
0.864113,0.806802,
0.857789,0.704456,
0.841082,0.780808,
0.856009,0.818409,
0.787389,0.760765,
0.769491,0.645212,
0.856364,0.665217,
0.850205,0.765978,
0.813451,0.73599,
0.85888,0.793643,
0.865722,0.855738,
0.888139,0.811724,
0.849605,0.739785,
0.840935,0.777797,
0.851418,0.752361,
0.803668,0.727002,
0.850712,0.653739,
0.891584,0.778787,
0.862056,0.838046,
0.804238,0.619486,
0.86866,0.766094,
0.830612,0.770174,
0.883954,0.872148,
0.877062,0.783065,
0.888179,0.795333,
0.839537,0.758789,
0.823985,0.72337,
0.794476,0.617686,
0.812651,0.77548,
0.839719,0.77372,
0.839254,0.701999,
0.85843,0.822259,
0.858968,0.766543,
0.885775,0.823979,
0.809154,0.795404,
0.887361,0.795473,
0.861604,0.769462,
0.87456,0.799715,
0.847948,0.789056,
0.86662,0.746045,
0.863405,0.701233,
0.855363,0.752592,
0.877703,0.834093,
0.859392,0.78272,
0.831159,0.735281,
0.853675,0.815195,
0.851697,0.754581,
0.866211,0.706422,
0.856807,0.718332,
0.847879,0.687627,
0.833904,0.715298,
0.821327,0.68884,
0.843215,0.795534,
0.842149,0.755261,
0.870185,0.752658,
0.833988,0.70191,
0.887921,0.72014,
0.841918,0.759712,
0.873135,0.860269,
0.842792,0.613082,
0.847311,0.679193,
0.843503,0.62241,
0.880787,0.775044,
0.822078,0.819813,
0.872947,0.799307,
0.866381,0.852131,
0.850221,0.760485,
0.868651,0.83905,
0.864467,0.786758,
0.862234,0.815159,
0.845177,0.764324,
0.876415,0.80319,
0.875237,0.798323,
0.850683,0.76727,
0.861083,0.798475,
0.854369,0.739732,
0.903813,0.700383,
0.85751,0.65445,
0.882776,0.80703,
0.913127,0.833799,
0.716057,0.839615,
0.875435,0.839777,
0.824493,0.692756,
0.84124,0.773162,
0.901202,0.878092,
0.855724,0.749758,
0.811565,0.81426,
0.840864,0.790351,
0.865634,0.788431,
0.815318,0.833077,
0.849394,0.786151,
0.879905,0.780281,
0.748421,0.644324,
0.810604,0.795404,
0.861029,0.690969,
0.82529,0.72679,
0.817932,0.696823,
0.837334,0.678334,
0.807081,0.779153,
0.832264,0.629686,
0.864343,0.676938,
0.837283,0.83156,
0.822382,0.745853,
0.861304,0.714374,
0.849397,0.71264,
0.840551,0.749493,
0.818963,0.677273,
0.867797,0.814418,
0.761973,0.769808,
0.86946,0.688128,
0.865841,0.731881,
0.893697,0.724452,
0.811087,0.741078,
0.850995,0.599631,
0.796605,0.656854,
0.855965,0.780129,
0.850357,0.752958,
0.858484,0.7431,
0.81807,0.698986,
0.862923,0.801782,
0.854936,0.623182,
0.845266,0.616829,
0.817335,0.742741,
0.855556,0.757142,
0.827444,0.716699,
0.860826,0.711267,
0.848106,0.755289,
0.870315,0.791298,
0.845902,0.772169,
0.852656,0.751504,
0.893356,0.786287,
0.894413,0.696807,
0.848866,0.729563,
0.85409,0.719035,
0.791284,0.760474,
0.861583,0.77301,
0.865267,0.797148,
0.880211,0.799683,
0.878306,0.757307,
0.849451,0.772119,
0.881557,0.800146,
0.794833,0.706289,
0.863514,0.739054,
0.861304,0.714374,
0.854208,0.77252,
0.87827,0.772105,
0.853576,0.776924,
0.823132,0.784154,
0.850559,0.761942,
0.843326,0.769628,
0.859426,0.734962,
0.860367,0.77881,
0.837671,0.813177,
0.869927,0.765092,
0.876336,0.727843,
0.848159,0.716203,
0.860877,0.76577,
0.853935,0.754551,
0.862154,0.743412,
0.837213,0.761041,
0.762516,0.772403,
0.877444,0.792134,
0.858216,0.781064,
0.849475,0.70693,
0.885753,0.770462,
0.848651,0.772944,
0.864333,0.733827,
0.882575,0.831593,
0.849419,0.697369,
0.823211,0.744746,
0.888488,0.827741,
0.753408,0.767694,
0.801756,0.662962,
0.847869,0.630045,
0.856925,0.678931,
0.785895,0.770861,
0.849791,0.669191,
0.886971,0.851748,
0.838296,0.681776,
0.863815,0.764111,
0.866271,0.790675,
0.896189,0.812669,
0.862422,0.720601,
0.78571,0.630583,
0.823108,0.790544,
0.817739,0.801551,
0.859921,0.754753,
0.829729,0.710322,
0.87524,0.729915,
0.887387,0.806775,
0.874117,0.682471,
0.860212,0.807156,
0.852925,0.737723,
0.847394,0.807505,
0.846985,0.764414,
0.849391,0.719512,
0.826827,0.717584,
0.816388,0.687215,
0.84768,0.751911,
0.849896,0.782251,
0.865905,0.730865,
0.851188,0.797325,
0.821182,0.703069,
0.845972,0.750591,
0.838894,0.720932,
0.877185,0.850016,
0.843012,0.742359,
0.777235,0.747667,
0.782237,0.781502,
0.876136,0.746337,
0.830791,0.70384,
0.850322,0.727197,
0.850559,0.761942,
0.856301,0.735403,
0.846419,0.769032,
0.892602,0.829977,
0.878606,0.77521,
0.914369,0.863462,
0.873464,0.817123,
0.853855,0.759748,
0.832848,0.717973,
0.844553,0.775857,
0.841698,0.73042,
0.856586,0.691044,
0.788216,0.627166,
0.84549,0.681223,
0.864275,0.754959,
0.85888,0.793643,
0.875392,0.708536,
0.855497,0.77177,
0.889039,0.764208,
0.884582,0.843702,
0.857492,0.747882,
0.836216,0.801884,
0.871361,0.838653,
0.896714,0.883031,
0.834346,0.76096,
0.870598,0.801104,
0.868306,0.773383,
0.775679,0.749422,
0.814895,0.698992,
0.85199,0.766366,
0.877151,0.681388,
0.858968,0.766543,
0.875391,0.801132,
0.865451,0.755356,
0.875893,0.803246,
0.78278,0.666943,
0.81549,0.742411,
0.902548,0.687964,
0.85357,0.761312,
0.846128,0.774575,
0.797006,0.655118,
0.813887,0.667192,
0.780425,0.640196,
0.86191,0.819114,
0.850882,0.763102,
0.742969,0.703827,
0.836191,0.693102,
0.81154,0.64967,
0.876024,0.809951,
0.838037,0.596843,
0.851409,0.693756,
0.799461,0.646055,
0.855372,0.758674,
0.754546,0.76591,
0.785874,0.758913,
0.869733,0.789659,
0.901202,0.878092,
0.861053,0.746379,
0.834528,0.781139,
0.89994,0.84083,
0.817739,0.801551,
0.808689,0.731913,
0.847546,0.71892,
0.879483,0.768739,
0.867419,0.654987,
0.863566,0.826955,
0.859189,0.751859,
0.875674,0.686219,
0.803156,0.703569,
0.781812,0.69977,
0.870185,0.752658,
0.814439,0.73295,
0.849704,0.767922,
0.78949,0.606789,
0.833619,0.749091,
0.842135,0.681769,
0.872711,0.802832,
0.853171,0.737186,
0.860658,0.773199,
0.854138,0.7567,
0.85284,0.769932,
0.849323,0.714398,
0.82267,0.722406,
0.850691,0.745165,
0.827985,0.742212,
0.743236,0.676148,
0.857768,0.825988,
0.84806,0.748662,
0.856756,0.779272,
0.819349,0.729442,
0.839895,0.667339,
0.854388,0.772718,
0.850186,0.741355,
0.865526,0.70904,
0.85453,0.803796,
0.840737,0.757027,
0.867638,0.769209,
0.860411,0.653019,
0.852053,0.720566,
0.844873,0.794196,
0.806277,0.606123,
0.87776,0.763485,
0.820017,0.64298,
0.868174,0.751312,
0.85652,0.709375,
0.839342,0.763678,
0.857768,0.825988,
0.842699,0.757974,
0.849585,0.773732,
0.81465,0.676341,
0.848942,0.759055,
0.8341,0.742847,
0.862436,0.804387,
0.832446,0.747371,
0.875409,0.845861,
0.851089,0.761126,
0.842027,0.671885,
0.842226,0.695689,
0.856001,0.77733,
0.810604,0.795404,
0.864978,0.778196,
0.86849,0.775622,
0.856321,0.66458,
0.89459,0.8682,
0.814363,0.690295,
0.878064,0.857651,
0.840452,0.635231,
0.842032,0.80125,
0.772539,0.747451,
0.841797,0.725712,
0.813271,0.686392,
0.846956,0.764137,
0.85634,0.835024,
0.859049,0.785127,
0.873161,0.807562,
0.842432,0.795783,
0.811035,0.824972,
0.820326,0.732346,
0.864599,0.792699,
0.903949,0.827783,
0.82754,0.601458,
0.826794,0.652232,
0.859013,0.740492,
0.861368,0.755475,
0.856059,0.749938,
0.796236,0.620164,
0.854837,0.797496,
0.812895,0.771371,
0.882439,0.815071,
0.879437,0.834027,
0.88254,0.73114,
0.840093,0.664022,
0.811277,0.719849,
0.822285,0.763091,
0.799855,0.671157,
0.835216,0.866058,
0.868032,0.777347,
0.844317,0.742556,
0.778441,0.546769,
0.821963,0.673454,
0.838914,0.725584,
0.78372,0.714166,
0.889386,0.822124,
0.86142,0.714884,
0.843366,0.758033,
0.807533,0.674664,
0.857092,0.741621,
0.866865,0.728551,
0.805516,0.670386,
0.880007,0.726996,
0.834339,0.822274,
0.836282,0.749109,
0.89064,0.765679,
0.779607,0.735755,
0.867566,0.725413,
0.849913,0.767919,
0.840784,0.707228,
0.83899,0.746641,
0.841539,0.769817,
0.888881,0.854264,
0.785874,0.758913,
0.891507,0.87141,
0.836554,0.695646,
0.802785,0.620493,
0.757194,0.718576,
0.847705,0.780831,
0.803668,0.727002,
0.872603,0.645739,
0.859514,0.807162,
0.863049,0.755743,
0.83827,0.686208,
0.856399,0.773115,
0.832852,0.727022,
0.844854,0.687473,
0.846891,0.476846,
0.859513,0.787142,
0.842056,0.742093,
0.804691,0.764116,
0.823398,0.752592,
0.835811,0.776554,
0.855735,0.849173,
0.861583,0.77301,
0.857837,0.74438,
0.815619,0.702736,
0.828942,0.706419,
0.804053,0.545815,
0.889625,0.824336,
0.847459,0.744276,
0.831159,0.735281,
0.846395,0.783939,
0.865398,0.794389,
0.751773,0.73948,
0.817133,0.717033,
0.840691,0.768044,
0.910427,0.799766,
0.863534,0.731425,
0.826728,0.695624,
0.854425,0.767565,
0.869406,0.734352,
0.817739,0.801551,
0.778518,0.731932,
0.826574,0.7638,
0.878744,0.64057,
0.860631,0.696598,
0.846711,0.656634,
0.85184,0.762836,
0.834519,0.712026,
0.892179,0.826241,
0.846805,0.800656,
0.890064,0.855683,
0.844403,0.815865,
0.863808,0.790702,
0.846762,0.723997,
0.85064,0.759467,
0.805475,0.737545,
0.785261,0.707363,
0.860824,0.647164,
0.864951,0.749379,
0.861953,0.770196,
0.789206,0.646674,
0.865047,0.768711,
0.857789,0.704456,
0.791791,0.564835,
0.757253,0.655928,
0.855814,0.747922,
0.848936,0.743218,
0.819055,0.677005,
0.843552,0.773443,
0.836041,0.745248,
0.845899,0.780537,
0.841178,0.726728,
0.845287,0.706416,
0.88629,0.756855,
0.852798,0.793423,
0.768966,0.732313,
0.853443,0.729774,
0.855112,0.762866,
0.860269,0.750664,
0.875391,0.801132,
0.852409,0.780954,
0.846982,0.753142,
0.839719,0.77372,
0.854165,0.757517,
0.83787,0.737826,
0.847706,0.84015,
0.867109,0.778742,
0.881788,0.806359,
0.75304,0.757329,
0.846098,0.804072,
0.873425,0.826051,
0.86309,0.728589,
0.850259,0.799439,
0.853303,0.774731,
0.847008,0.757456,
0.856268,0.795198,
0.881442,0.827359,
0.877802,0.728716,
0.842657,0.644946,
0.848764,0.596878,
0.834491,0.769835,
0.898223,0.855255,
0.8693,0.801198,
0.897569,0.80451,
0.827297,0.711074,
0.763943,0.756532,
0.887185,0.789171,
0.839035,0.798369,
0.849394,0.786151,
0.759201,0.769134,
0.870252,0.815735,
0.790369,0.61274,
0.850946,0.76615,
0.872238,0.765824,
0.863976,0.737173,
0.796162,0.785528,
0.823572,0.70846,
0.867082,0.835041,
0.879389,0.776045,
0.864258,0.758695,
0.860569,0.771563,
0.866397,0.745814,
0.799188,0.738986,
0.863606,0.789046,
0.842828,0.76623,
0.849112,0.771245,
0.885326,0.723074,
0.842854,0.818777,
0.8382,0.590034,
0.877217,0.822893,
0.844556,0.673237,
0.863334,0.746338,
0.850559,0.761942,
0.819268,0.697485,
0.831463,0.789609,
0.881272,0.816339,
0.894087,0.74094,
0.858958,0.718367,
0.863927,0.832418,
0.862,0.69604,
0.838178,0.783305,
0.842942,0.693804,
0.850559,0.761942,
0.795241,0.597648,
0.84616,0.750256,
0.868585,0.792786,
0.830167,0.672044,
0.89438,0.822209,
0.874117,0.682471,
0.837207,0.816883,
0.82272,0.756166,
0.856249,0.796324,
0.850559,0.761942,
0.900396,0.804198,
0.872965,0.753751,
0.826279,0.783088,
0.862678,0.864256,
0.851426,0.761796,
0.838534,0.72273,
0.790475,0.759859,
0.791695,0.641079,
0.871682,0.750464,
0.850344,0.753813,
0.802143,0.69639,
0.871898,0.762794,
0.862369,0.738424,
0.863476,0.794371,
0.845655,0.748577,
0.874628,0.748272,
0.879661,0.800045,
0.900396,0.804198,
0.853103,0.74047,
0.84857,0.739409,
0.850559,0.761942,
0.877829,0.848391,
0.903998,0.819937,
0.872967,0.784649,
0.838688,0.779546,
0.856737,0.747603,
0.875409,0.845861,
0.882544,0.787445,
0.852072,0.700909,
0.855497,0.77177,
0.858707,0.756212,
0.828703,0.760642,
0.841729,0.727271,
0.853103,0.74047,
0.817739,0.801551,
0.849113,0.640258,
0.856279,0.82559,
0.83289,0.733928,
0.843664,0.797772,
0.870346,0.77472,
0.850925,0.777089,
0.837042,0.811816,
0.862847,0.784448,
0.887761,0.880759,
0.855024,0.743321,
0.758341,0.725628,
0.835025,0.766945,
0.856914,0.771307,
0.878367,0.836463,
0.887905,0.789411,
0.856668,0.790503,
0.871277,0.822823,
0.859344,0.763243,
0.854331,0.72672,
0.872048,0.775177,
0.858693,0.741152,
0.878177,0.777907,
0.853289,0.733372,
0.854521,0.77299,
0.910038,0.878932,
0.825124,0.712302,
0.846611,0.796528,
0.854304,0.648271,
0.840252,0.774813,
0.878018,0.779998,
0.859189,0.703967,
0.833052,0.737347,
0.857736,0.652381,
0.845048,0.786561,
0.826617,0.785143,
0.853008,0.86719,
0.877669,0.767077,
0.809276,0.723376,
0.839092,0.592145,
0.839342,0.763678,
0.833523,0.81601,
0.861597,0.806609,
0.809283,0.715566,
0.874198,0.811638,
0.871868,0.843524,
0.890932,0.877179,
0.85424,0.602419,
0.811601,0.748617,
0.891026,0.730611,
0.861583,0.77301,
0.840119,0.772503,
0.857025,0.80016,
0.857231,0.727447,
0.833925,0.76469,
0.845771,0.804345,
0.828313,0.68689,
0.847623,0.76473,
0.876876,0.843211,
0.821401,0.642632,
0.752731,0.790937,
0.811561,0.869466,
0.789745,0.71444,
0.855161,0.71497,
0.867158,0.789347,
0.82826,0.743854,
0.881081,0.73975,
0.858283,0.768836,
0.89557,0.819982,
0.878797,0.78599,
0.87901,0.742785,
0.80409,0.6305,
0.85473,0.761422,
0.829698,0.813441,
0.866474,0.659854,
0.856116,0.811726,
0.818205,0.686422,
0.858862,0.746264,
0.889785,0.855181,
0.8601,0.850769,
0.849486,0.682708,
0.849699,0.773622,
0.872603,0.645739,
0.880851,0.843033,
0.879194,0.801324,
0.875423,0.855993,
0.837589,0.755889,
0.857723,0.800739,
0.850721,0.771346,
0.818629,0.758988,
0.847336,0.794286,
0.835063,0.632181,
0.872415,0.784498,
0.839206,0.679065,
0.802237,0.683706,
0.855242,0.78741,
0.856983,0.751791,
0.870378,0.833685,
0.895359,0.784267,
0.858511,0.714947,
0.857566,0.766776,
0.811813,0.755961,
0.851785,0.714603,
0.786571,0.640156,
0.861296,0.767818,
0.83208,0.713147,
0.855159,0.798174,
0.863487,0.783236,
0.738793,0.603001,
0.846942,0.787119,
0.855825,0.800137,
0.862446,0.75349,
0.861623,0.71272,
0.888508,0.832111,
0.790112,0.623689,
0.861583,0.77301,
0.887399,0.849949,
0.894017,0.765679,
0.841701,0.7577,
0.862637,0.791423,
0.838362,0.710842,
0.852673,0.642076,
0.847554,0.743623,
0.882468,0.783751,
0.846111,0.7647,
0.829897,0.738555,
0.862325,0.726874,
0.849759,0.761762,
0.90959,0.85246,
0.788446,0.649997,
0.858899,0.658568,
0.838345,0.707336,
0.872218,0.699748,
0.839325,0.76097,
0.82852,0.784574,
0.855495,0.694577,
0.83789,0.760868,
0.855501,0.841726,
0.856607,0.777425,
0.875997,0.824725,
0.865892,0.76821,
0.868774,0.680717,
0.788391,0.65601,
0.839962,0.789044,
0.885388,0.81352,
0.823713,0.700131,
0.885185,0.826429,
0.799747,0.79413,
0.869473,0.783008,
0.855041,0.83954,
0.886709,0.860462,
0.868112,0.738734,
0.871046,0.840722,
0.886792,0.723749,
0.852764,0.594052,
0.870402,0.766243,
0.838313,0.682397,
0.850559,0.761942,
0.860205,0.748903,
0.848529,0.759107,
0.875957,0.860903,
0.863766,0.740623,
0.833277,0.784457,
0.809844,0.592356,
0.857683,0.768456,
0.871956,0.714876,
0.852495,0.753918,
0.861597,0.806609,
0.861894,0.769101,
0.841664,0.789032,
0.867233,0.753921,
0.836146,0.667888,
0.876041,0.758341,
0.904398,0.846385,
0.79321,0.70916,
0.817447,0.72869,
0.794523,0.709492,
0.867106,0.756047,
0.877906,0.79726,
0.846964,0.794957,
0.876481,0.765033,
0.86071,0.791018,
0.879245,0.713018,
0.846011,0.786248,
0.832525,0.667011,
0.810604,0.795404,
0.84301,0.757175,
0.881306,0.76273,
0.880849,0.863328,
0.853008,0.86719,
0.843533,0.724261,
0.79033,0.70895,
0.839802,0.751582,
0.814102,0.788411,
0.847177,0.752428,
0.849922,0.762548,
0.863102,0.718667,
0.872964,0.886253,
0.866402,0.800093,
0.83566,0.6506,
0.889592,0.832755,
0.872535,0.75766,
0.82826,0.743854,
0.869553,0.774653,
0.810117,0.777447,
0.846763,0.771768,
0.912898,0.886344,
0.858971,0.741634,
0.848529,0.753599,
0.791865,0.612759,
0.853253,0.771793,
0.847851,0.762817,
0.86502,0.7748,
0.846047,0.745544,
0.837018,0.847397,
0.868336,0.723493,
0.865032,0.748136,
0.862314,0.748215,
0.864637,0.713405,
0.853822,0.757368,
0.932072,0.920705,
0.861368,0.755475,
0.845575,0.792851,
0.843194,0.712866,
0.870664,0.743165,
0.813733,0.725051,
0.811601,0.748617,
0.863669,0.793319,
0.899533,0.801118,
0.821613,0.745373,
0.856967,0.806592,
0.851089,0.761126,
0.846657,0.692151,
0.812277,0.766392,
0.808707,0.708619,
0.84132,0.765682,
0.852372,0.726389,
0.8598,0.770855,
0.829497,0.69261,
0.825367,0.657061,
0.863442,0.782543,
0.857703,0.757378,
0.864537,0.733078,
0.847788,0.720929,
0.835811,0.776554,
0.861856,0.776255,
0.810754,0.595446,
0.803021,0.786794,
0.850832,0.625701,
0.822411,0.688153,
0.850824,0.776654,
0.87945,0.809122,
0.863667,0.853335,
0.830199,0.718312,
0.834401,0.758876,
0.812529,0.727425,
0.849235,0.754372,
0.866841,0.811539,
0.8187,0.596404,
0.792861,0.613354,
0.843047,0.79315,
0.843767,0.573262,
0.832825,0.83061,
0.857904,0.779221,
0.855355,0.824622,
0.887087,0.74637,
0.898245,0.860368,
0.894628,0.867696,
0.861896,0.748387,
0.835186,0.613907,
0.84275,0.760357,
0.850893,0.758916,
0.881781,0.796039,
0.793381,0.655035,
0.814988,0.789425,
0.90238,0.822764,
0.849614,0.799044,
0.861625,0.793596,
0.796359,0.734094,
0.881601,0.857854,
0.852247,0.694132,
0.885077,0.808818,
0.850577,0.761846,
0.885026,0.756137,
0.888636,0.77969,
0.731381,0.707792,
0.848429,0.764216,
0.861583,0.77301,
0.84012,0.740892,
0.861524,0.756944,
0.930932,0.895142,
0.851073,0.769114,
0.843776,0.775917,
0.848009,0.825104,
0.865509,0.766839,
0.845109,0.811073,
0.855797,0.80116,
0.776501,0.568163,
0.914575,0.842342,
0.863781,0.77069,
0.877758,0.783385,
0.857036,0.820343,
0.837181,0.802377,
0.910524,0.756404,
0.788047,0.716553,
0.850559,0.761942,
0.886451,0.757799,
0.840021,0.748951,
0.764892,0.723811,
0.887882,0.802943,
0.810747,0.74091,
0.877645,0.690627,
0.853073,0.789094,
0.871512,0.748724,
0.842497,0.779796,
0.844124,0.622391,
0.834841,0.688228,
0.812645,0.772888,
0.874038,0.812107,
0.866658,0.675476,
0.8783,0.76218,
0.817232,0.706367,
0.863808,0.790702,
0.817884,0.733389,
0.860324,0.763709,
0.857704,0.817027,
0.858666,0.783304,
0.865227,0.799097,
0.85933,0.779053,
0.87789,0.797795,
0.86437,0.810858,
0.848159,0.64962,
0.872275,0.833259,
0.858739,0.756521,
0.848156,0.807953,
0.849133,0.768309,
0.841991,0.772855,
0.817751,0.627337,
0.881501,0.848286,
0.77005,0.741438,
0.858432,0.732498,
0.869676,0.777191,
0.852839,0.810614,
0.861032,0.777527,
0.804099,0.759642,
0.830954,0.830266,
0.847474,0.764729,
0.851392,0.792757,
0.847545,0.662328,
0.757727,0.65693,
0.848429,0.764216,
0.806638,0.495139,
0.825526,0.731047,
0.815619,0.702736,
0.869682,0.792678,
0.853749,0.762438,
0.85302,0.740858,
0.843999,0.767458,
0.842715,0.744928,
0.848561,0.772159,
0.922287,0.837171,
0.862235,0.770807,
0.83577,0.789989,
0.863226,0.688428,
0.88197,0.731826,
0.84898,0.7277,
0.787964,0.694802,
0.851925,0.671491,
0.856169,0.780084,
0.879005,0.779302,
0.814789,0.730858,
0.792602,0.706993,
0.902773,0.752363,
0.822661,0.798905,
0.841943,0.792574,
0.846292,0.757255,
0.851314,0.763593,
0.78571,0.630583,
0.848123,0.76736,
0.780085,0.743651,
0.876307,0.779162,
0.772578,0.634553,
0.813158,0.778393,
0.818607,0.691583,
0.861964,0.791931,
0.855195,0.760761,
0.850583,0.76952,
0.686637,0.647888,
0.818309,0.678165,
0.842846,0.793522,
0.793252,0.707653,
0.739868,0.655808,
0.823132,0.784154,
0.872495,0.787635,
0.849432,0.74761,
0.863857,0.748058,
0.866632,0.73197,
0.87644,0.808836,
0.845054,0.769769,
0.811035,0.824972,
0.824215,0.694888,
0.862151,0.767847,
0.742917,0.655478,
0.894942,0.803221,
0.913379,0.75604,
0.808881,0.794896,
0.861508,0.773745,
0.816056,0.713858,
0.851296,0.778222,
0.85809,0.794275,
0.848601,0.791673,
0.880197,0.820084,
0.799099,0.74873,
0.876369,0.782647,
0.839708,0.713646,
0.871152,0.810723,
0.867547,0.828797,
0.840151,0.75692,
0.824763,0.687106,
0.830233,0.776409,
0.846691,0.668315,
0.851062,0.763,
0.841145,0.754651,
0.854878,0.788767,
0.877742,0.825709,
0.764981,0.766563,
0.871429,0.791454,
0.879072,0.740738,
0.786094,0.700183,
0.823612,0.719634,
0.853811,0.792517,
0.842688,0.69553,
0.838162,0.768865,
0.808138,0.701236,
0.83838,0.754362,
0.822356,0.781086,
0.794476,0.617686,
0.848569,0.720808,
0.861304,0.714374,
0.866234,0.739441,
0.811057,0.773447,
0.813278,0.794864,
0.867175,0.736839,
0.862733,0.775945,
0.875792,0.793694,
0.848104,0.748369,
0.757253,0.655928,
0.880787,0.775044,
0.80086,0.708603,
0.822983,0.78241,
0.761334,0.757612,
0.844268,0.712841,
0.860132,0.698823,
0.887671,0.789364,
0.85769,0.767477,
0.869698,0.774749,
0.836782,0.774176,
0.852798,0.793423,
0.84981,0.774233,
0.853661,0.841881,
0.827504,0.76066,
0.842717,0.800816,
0.901202,0.878092,
0.758341,0.725628,
0.845849,0.794135,
0.776867,0.692317,
0.78651,0.60239,
0.845009,0.761986,
0.903736,0.808676,
0.847175,0.76339,
0.861617,0.659984,
0.788816,0.654175,
0.856722,0.825684,
0.846011,0.786248,
0.834903,0.686685,
0.846799,0.74142,
0.862182,0.777043,
0.850909,0.763653,
0.839704,0.665433,
0.855604,0.75507,
0.802087,0.763364,
0.874117,0.682471,
0.839208,0.78613,
0.842032,0.80125,
0.807812,0.662346,
0.840438,0.617537,
0.85165,0.74456,
0.845805,0.801515,
0.842579,0.775775,
0.86614,0.841988,
0.887425,0.762775,
0.861833,0.745814,
0.854695,0.769935,
0.802087,0.763364,
0.825463,0.777529,
0.858694,0.66346,
0.851227,0.719679,
0.856885,0.752468,
0.861886,0.771658,
0.848348,0.752886,
0.865038,0.769473,
0.866459,0.679427,
0.816458,0.677693,
0.815918,0.643361,
0.853465,0.762614,
0.862311,0.710791,
0.781123,0.668092,
0.875817,0.815415,
0.843989,0.753036,
0.850139,0.764863,
0.845674,0.69825,
0.845804,0.720775,
0.841282,0.782213,
0.879049,0.812961,
0.86373,0.793374,
0.868222,0.781622,
0.875583,0.740427,
0.852589,0.763995,
0.861583,0.77301,
0.840047,0.695646,
0.844153,0.789375,
0.753998,0.746907,
0.872603,0.645739,
0.85893,0.795593,
0.846349,0.793718,
0.857711,0.782996,
0.846938,0.663749,
0.821334,0.699156,
0.898329,0.849172,
0.864343,0.676938,
0.864929,0.804975,
0.835216,0.866058,
0.87068,0.766345,
0.86359,0.752487,
0.857842,0.726181,
0.838718,0.734671,
0.877151,0.681388,
0.908041,0.900728,
0.849291,0.764255,
0.863939,0.777579,
0.724947,0.590027,
0.833096,0.667384,
0.864385,0.770374,
0.86422,0.70466,
0.852585,0.775078,
0.836605,0.705368,
0.791459,0.447874,
0.850518,0.757283,
0.834423,0.680074,
0.852889,0.768642,
0.904531,0.775354,
0.846011,0.786248,
0.841526,0.627926,
0.86502,0.7748,
0.888468,0.858907,
0.841162,0.753804,
0.898803,0.859664,
0.873172,0.782526,
0.84682,0.737793,
0.860813,0.77391,
0.842976,0.680414,
0.792808,0.786802,
0.849743,0.725978,
0.839234,0.761333,
0.838936,0.735221,
0.846477,0.772145,
0.782467,0.695847,
0.844372,0.720969,
0.728544,0.729711,
0.865902,0.837133,
0.817743,0.65203,
0.839707,0.750296,
0.887331,0.782002,
0.839228,0.703605,
0.86663,0.772055,
0.872313,0.616233,
0.852212,0.753091,
0.863968,0.777114,
0.8304,0.77515,
0.898604,0.830482,
0.832554,0.758272,
0.846132,0.756996,
0.852259,0.736679,
0.845997,0.747101,
0.849514,0.778559,
0.879234,0.797858,
0.858932,0.772318,
0.848453,0.617053,
0.877742,0.825709,
0.866896,0.801312,
0.862535,0.772832,
0.771998,0.793015,
0.813553,0.52688,
0.771372,0.589056,
0.855903,0.785033,
0.86833,0.734339,
0.872241,0.828276,
0.853871,0.750839,
0.751426,0.642928,
0.880098,0.695542,
0.843767,0.761,
0.846647,0.655338,
0.890162,0.768405,
0.858613,0.65008,
0.821334,0.686627,
0.850981,0.707963,
0.862455,0.781234,
0.767082,0.771968,
0.821645,0.665667,
0.880465,0.855346,
0.850559,0.761942,
0.84966,0.762857,
0.845953,0.590683,
0.848101,0.540127,
0.862234,0.815159,
0.811555,0.750335,
0.819252,0.744592,
0.89994,0.84083,
0.834074,0.684872,
0.846099,0.714786,
0.767231,0.753407,
0.868104,0.769978,
0.860998,0.646875,
0.857403,0.723059,
0.863096,0.796058,
0.710817,0.784346,
0.829246,0.667813,
0.857683,0.768456,
0.85214,0.769252,
0.843012,0.742359,
0.875399,0.598744,
0.87535,0.805245,
0.802087,0.763364,
0.888881,0.854264,
0.85888,0.793643,
0.774887,0.783672,
0.868777,0.817476,
0.812243,0.775943,
0.810604,0.795404,
0.84171,0.802842,
0.850708,0.770588,
0.744505,0.710645,
0.785706,0.680247,
0.882595,0.770154,
0.853206,0.599529,
0.872992,0.785915,
0.877906,0.79726,
0.870628,0.785493,
0.877696,0.811667,
0.85983,0.747925,
0.870858,0.824098,
0.800843,0.731064,
0.858188,0.769879,
0.746645,0.752585,
0.83549,0.753225,
0.850198,0.785567,
0.851008,0.779473,
0.859558,0.753754,
0.859878,0.789181,
0.851738,0.780045,
0.895493,0.809066,
0.761801,0.772848,
0.845587,0.79474,
0.765417,0.729664,
0.847596,0.771479,
0.872218,0.778302,
0.8437,0.72041,
0.807697,0.749239,
0.843063,0.647759,
0.81752,0.604894,
0.852318,0.776938,
0.831155,0.653669,
0.856257,0.842756,
0.836518,0.802144,
0.802028,0.656678,
0.805895,0.763973,
0.882595,0.770154,
0.879658,0.764857,
0.908577,0.839994,
0.849037,0.760186,
0.855651,0.768347,
0.898489,0.790375,
0.835898,0.795558,
0.84515,0.630683,
0.848645,0.757883,
0.863644,0.773668,
0.838358,0.615652,
0.831463,0.789609,
0.830416,0.779414,
0.867803,0.738037,
0.86569,0.753418,
0.879451,0.848261,
0.869501,0.758134,
0.843864,0.775876,
0.791865,0.612759,
0.836992,0.803959,
0.814193,0.704571,
0.838709,0.634978,
0.859475,0.725794,
0.809943,0.686167,
0.852616,0.773673,
0.874353,0.772175,
0.810204,0.727253,
0.842226,0.695689,
0.828365,0.796423,
0.889985,0.769499,
0.839719,0.77372,
0.851101,0.731728,
0.856642,0.779098,
0.853008,0.86719,
0.851343,0.783449,
0.850559,0.761942,
0.901202,0.878092,
0.85248,0.658286,
0.870005,0.741753,
0.867803,0.738037,
0.803309,0.660763,
0.862369,0.738424,
0.848007,0.824746,
0.891354,0.707665,
0.863026,0.761315,
0.831259,0.672585,
0.823374,0.806559,
0.858443,0.765269,
0.864792,0.7605,
0.827886,0.742642,
0.864286,0.791562,
0.862861,0.763008,
0.874791,0.740669,
0.85589,0.76594,
0.832254,0.652972,
0.871562,0.781242,
0.797872,0.739629,
0.753611,0.644565,
0.864513,0.744103,
0.89805,0.796928,
0.852666,0.780788,
0.805704,0.591516,
0.874499,0.733826,
0.873982,0.806296,
0.836841,0.729393,
0.849605,0.739785,
0.855837,0.808982,
0.850349,0.762414,
0.890993,0.809076,
0.831539,0.751807,
0.844683,0.776805,
0.862313,0.79642,
0.825284,0.640897,
0.843531,0.776234,
0.830281,0.730391,
0.898049,0.789937,
0.846699,0.773721,
0.816098,0.76303,
0.787429,0.696898,
0.816305,0.706186,
0.833126,0.614126,
0.766203,0.715332,
0.869778,0.735509,
0.848363,0.765783,
0.755728,0.66231,
0.850129,0.75592,
0.844084,0.712403,
0.840458,0.823396,
0.739868,0.655808,
0.869355,0.785153,
0.801054,0.735861,
0.757482,0.72137,
0.84191,0.761077,
0.85812,0.747862,
0.856785,0.726523,
0.865681,0.835798,
0.870515,0.786649,
0.823106,0.794355,
0.864736,0.73788,
0.848733,0.742868,
0.816057,0.786031,
0.818307,0.694155,
0.869676,0.777191,
0.87184,0.686423,
0.81144,0.752321,
0.85287,0.75017,
0.728937,0.617788,
0.841018,0.746428,
0.856578,0.780407,
0.841991,0.772855,
0.795172,0.663255,
0.846296,0.713936,
0.849427,0.869145,
0.846011,0.786248,
0.810701,0.747402,
0.841728,0.784945,
0.843942,0.709804,
0.843682,0.668212,
0.859694,0.737704,
0.857095,0.748815,
0.824259,0.781629,
0.879302,0.812069,
0.844271,0.585493,
0.826094,0.683109,
0.851021,0.625337,
0.817739,0.801551,
0.860519,0.81828,
0.804544,0.71908,
0.840028,0.670067,
0.85697,0.733171,
0.877596,0.849627,
0.842029,0.784781,
0.877716,0.861883,
0.834479,0.663819,
0.859834,0.729341,
0.791797,0.758738,
0.854132,0.762506,
0.834195,0.683504,
0.82826,0.743854,
0.85677,0.79199,
0.882902,0.778689,
0.848599,0.587603,
0.859463,0.778851,
0.844321,0.782784,
0.824899,0.712776,
0.839418,0.75946,
0.889923,0.775718,
0.861464,0.768017,
0.858968,0.766543,
0.835947,0.753483,
0.750733,0.772949,
0.882405,0.839316,
0.832389,0.708908,
0.816472,0.723965,
0.877277,0.81738,
0.856362,0.691154,
0.863492,0.737067,
0.740035,0.759861,
0.859323,0.808166,
0.835304,0.833592,
0.857431,0.806274,
0.837496,0.770206,
0.838255,0.680853,
0.84989,0.772604,
0.833155,0.75424,
0.839104,0.74318,
0.878518,0.800356,
0.851958,0.793737,
0.820486,0.808065,
0.768314,0.705002,
0.851554,0.772182,
0.870323,0.822686,
0.847752,0.762507,
0.86153,0.830548,
0.805716,0.716318,
0.878661,0.801834,
0.862279,0.752756,
0.882865,0.796225,
0.817782,0.753531,
0.80376,0.817097,
0.882468,0.783751,
0.864744,0.663126,
0.831071,0.777647,
0.83341,0.844649,
0.827126,0.705202,
0.884022,0.832245,
0.855495,0.694577,
0.849865,0.729881,
0.844726,0.698413,
0.858927,0.808469,
0.848479,0.668253,
0.851758,0.713529,
0.870121,0.810242,
0.848031,0.755168,
0.901202,0.878092,
0.870664,0.743165,
0.895735,0.832912,
0.844884,0.752447,
0.903949,0.876668,
0.872658,0.763247,
0.851411,0.783205,
0.859164,0.764783,
0.859861,0.774863,
0.854597,0.751405,
0.873666,0.812355,
0.845843,0.688598,
0.799333,0.663073,
0.82826,0.743854,
0.801385,0.701879,
0.857627,0.759172,
0.8522,0.762924,
0.868318,0.796103,
0.850559,0.761942,
0.875895,0.780078,
0.868937,0.786292,
0.739154,0.755656,
0.832179,0.757958,
0.894836,0.581488,
0.884471,0.821802,
0.837654,0.802239,
0.885663,0.820109,
0.817396,0.714911,
0.819524,0.675159,
0.839292,0.750799,
0.812895,0.771371,
0.867257,0.736345,
0.867601,0.807833,
0.807556,0.658309,
0.850445,0.765501,
0.879278,0.762435,
0.848578,0.776946,
0.850559,0.761942,
0.853588,0.763477,
0.884822,0.72846,
0.830668,0.82313,
0.906721,0.786985,
0.845481,0.787641,
0.85205,0.775574,
0.854346,0.756948,
0.862789,0.774644,
0.854643,0.765092,
0.876534,0.737216,
0.853055,0.784312,
0.840191,0.621218,
0.882439,0.815071,
0.839342,0.763678,
0.868856,0.702197,
0.868411,0.864996,
0.838592,0.711383,
0.850027,0.673629,
0.79863,0.737587,
0.857789,0.704456,
0.836103,0.751753,
0.877254,0.79276,
0.855397,0.811105,
0.863532,0.812446,
0.906621,0.803026,
0.845048,0.814546,
0.787797,0.776698,
0.850559,0.761942,
0.880211,0.799683,
0.848879,0.773649,
0.817154,0.586113,
0.881395,0.856977,
0.877261,0.821926,
0.887141,0.60462,
0.847909,0.734058,
0.834838,0.78101,
0.899615,0.897861,
0.853871,0.750839,
0.841106,0.77018,
0.851671,0.752079,
0.817396,0.714911,
0.859672,0.769916,
0.827917,0.729025,
0.862197,0.797527,
0.843879,0.756688,
0.871331,0.760706,
0.806774,0.716105,
0.862374,0.805966,
0.862436,0.804387,
0.868559,0.728231,
0.84132,0.765682,
0.857683,0.768456,
0.877997,0.883067,
0.869698,0.774749,
0.866061,0.773671,
0.869288,0.78917,
0.877703,0.834093,
0.865623,0.773464,
0.869676,0.777191,
0.842029,0.784781,
0.85741,0.780494,
0.845571,0.740789,
0.823928,0.666461,
0.850559,0.761942,
0.820009,0.776508,
0.880436,0.734959,
0.846095,0.693792,
0.844705,0.805728,
0.856506,0.667042,
0.780425,0.640196,
0.853961,0.740057,
0.837562,0.73812,
0.896273,0.821072,
0.853287,0.84777,
0.848609,0.723183,
0.82468,0.6859,
0.849036,0.796471,
0.842553,0.812197,
0.854494,0.789625,
0.845491,0.794943,
0.805871,0.746881,
0.864027,0.791136,
0.844719,0.769589,
0.847408,0.80038,
0.842867,0.773622,
0.866507,0.807139,
0.851738,0.780045,
0.847991,0.760022,
0.834319,0.759733,
0.825853,0.737171,
0.862281,0.776898,
0.781812,0.69977,
0.868628,0.737715,
0.877906,0.79726,
0.841094,0.720543,
0.836992,0.803959,
0.874033,0.793738,
0.856498,0.766683,
0.864472,0.880261,
0.875612,0.725539,
0.870665,0.812378,
0.857842,0.726181,
0.842051,0.781699,
0.863656,0.779414,
0.850559,0.761942,
0.874117,0.76539,
0.850677,0.694693,
0.842209,0.752077,
0.863407,0.72865,
0.861747,0.777082,
0.873574,0.695658,
0.862154,0.743412,
0.838291,0.860443,
0.85888,0.793643,
0.852711,0.745419,
0.816816,0.739634,
0.840691,0.768044,
0.838885,0.709283,
0.846656,0.796851,
0.787551,0.705593,
0.80562,0.708145,
0.839947,0.703657,
0.851757,0.763642,
0.838094,0.820548,
0.844321,0.782784,
0.876211,0.768696,
0.859803,0.770282,
0.756257,0.783581,
0.840049,0.737349,
0.852557,0.766635,
0.831419,0.750287,
0.880162,0.798578,
0.778437,0.730876,
0.850815,0.679038,
0.84022,0.694206,
0.745722,0.640289,
0.852808,0.82515,
0.793414,0.710637,
0.840235,0.760811,
0.873212,0.742518,
0.845129,0.76501,
0.864886,0.742135,
0.852418,0.795489,
0.864698,0.772252,
0.773852,0.768179,
0.827114,0.818934,
0.862925,0.785485,
0.862499,0.763095,
0.82189,0.711904,
0.752697,0.762925,
0.849168,0.752052,
0.877202,0.827636,
0.831961,0.560122,
0.869682,0.792678,
0.818064,0.715047,
0.857352,0.775406,
0.87691,0.692121,
0.849924,0.797654,
0.89994,0.84083,
0.873211,0.809237,
0.892409,0.879502,
0.887745,0.822226,
0.853382,0.799154,
0.868149,0.800484,
0.829786,0.800257,
0.863909,0.796693,
0.827442,0.60853,
0.802175,0.624495,
0.861304,0.714374,
0.890247,0.775657,
0.868635,0.803346,
0.896259,0.838018,
0.840271,0.756399,
0.864286,0.791562,
0.863861,0.842328,
0.87008,0.760344,
0.866387,0.837882,
0.830223,0.793894,
0.855807,0.779795,
0.856924,0.791108,
0.869441,0.818192,
0.878929,0.814642,
0.880279,0.764993,
0.822165,0.637056,
0.853876,0.822576,
0.849656,0.761671,
0.871287,0.737698,
0.86346,0.661473,
0.815761,0.712613,
0.847457,0.768652,
0.880109,0.492953,
0.853142,0.788974,
0.748682,0.801739,
0.856762,0.724001,
0.838722,0.658845,
0.744164,0.663591,
0.869698,0.774749,
0.831449,0.780467,
0.856637,0.85635,
0.841638,0.698364,
0.764509,0.672603,
0.854378,0.759918,
0.859833,0.74679,
0.772902,0.736228,
0.813519,0.598181,
0.850559,0.761942,
0.810552,0.545952,
0.855498,0.770228,
0.829632,0.721907,
0.817739,0.801551,
0.846091,0.68099,
0.850861,0.789018,
0.891924,0.82211,
0.879639,0.784329,
0.856737,0.799081,
0.879617,0.695736,
0.869676,0.777191,
0.873317,0.762426,
0.854534,0.807324,
0.844415,0.743245,
0.849826,0.747123,
0.836663,0.734919,
0.847513,0.761445,
0.826965,0.695999,
0.838639,0.75464,
0.878082,0.749315,
0.839719,0.77372,
0.891742,0.696485,
0.866111,0.759679,
0.837097,0.72008,
0.851017,0.747915,
0.853846,0.764326,
0.816098,0.76303,
0.870672,0.744803,
0.844074,0.675678,
0.778441,0.546769,
0.890932,0.877179,
0.824837,0.727102,
0.868907,0.85951,
0.838491,0.745875,
0.847493,0.749765,
0.886501,0.797459,
0.852236,0.751914,
0.858672,0.800066,
0.816093,0.56635,
0.855334,0.771716,
0.854167,0.778956,
0.856627,0.76514,
0.863952,0.83629,
0.757253,0.655928,
0.827975,0.691125,
0.746744,0.785033,
0.851985,0.657428,
0.810878,0.708208,
